,accuracy,precision,recall,f1_score,training_time
Baseline_LR,0.9845,0.9846294179636518,0.9845,0.9844953017977417,1.5532329082489014
Advanced_SVM,0.98725,0.987368162826694,0.98725,0.9872480362133613,67.55866527557373
Random_Forest,0.983,0.9831798881223867,0.983,0.9830123627584412,3.0236220359802246
Naive_Bayes,0.97975,0.9801235372722269,0.97975,0.9796859223539269,0.25243186950683594
XGBoost,0.98125,0.9814187192491954,0.98125,0.9812600118316578,40.637324810028076
LightGBM,0.983,0.983161894434672,0.983,0.9830189018231209,6.61133885383606
CatBoost,0.95975,0.9626086727330911,0.95975,0.9602893163004725,156.9752175807953
Ensemble_Voting,0.98475,0.9849338817448142,0.98475,0.9847482778093273,253.13804244995117
