{
  "evaluation_date": "2025-07-22T12:21:54.711958",
  "best_model": "Logistic_Regression",
  "best_f1_score": 0.9871418035229397,
  "cross_validation_results": {
    "Logistic_Regression": {
      "mean": 0.9858436750057237,
      "std": 0.0012668170528430966
    },
    "SVM": {
      "mean": 0.9871824257920789,
      "std": 0.0020174202947654605
    },
    "Random_Forest": {
      "mean": 0.9841870681736165,
      "std": 0.0011430101704616798
    },
    "XGBoost": {
      "mean": 0.9800923039245703,
      "std": 0.0014617153843161797
    }
  },
  "hyperparameter_tuning": {
    "SVM": {
      "best_params": {
        "kernel": "rbf",
        "gamma": "scale",
        "C": 1.0
      },
      "best_score": 0.9857548158952897,
      "improvement": -0.0014276098967892503
    },
    "Logistic_Regression": {
      "best_params": {
        "solver": "liblinear",
        "penalty": "l2",
        "C": 10.0
      },
      "best_score": 0.9871418035229397,
      "improvement": 0.0012981285172160018
    },
    "XGBoost_Optuna": {
      "best_params": {
        "n_estimators": 201,
        "max_depth": 7,
        "learning_rate": 0.2975261995001501,
        "subsample": 0.9981205711367686,
        "colsample_bytree": 0.7027683007133353,
        "reg_alpha": 0.4149911517136421,
        "reg_lambda": 0.05712723448591357
      },
      "best_score": 0.9797488323007846,
      "improvement": -0.00034347162378567386
    }
  },
  "error_analysis": {
    "total_errors": 51,
    "error_rate": 0.01275,
    "top_error_patterns": {
      "Frequent Flyer Miles \u2192 Loyalty Programs": 5,
      "Baggage Policies \u2192 Lost and Found": 4,
      "Flight Bookings \u2192 Payment Issues": 3,
      "COVID-19 Policies \u2192 Travel Restrictions": 3,
      "Lost and Found \u2192 Baggage Policies": 3
    }
  }
}